<?xml version="1.0" encoding="utf-8" ?>
<SampleMetadata>
	<ID>f4b5b274-40f5-4090-9d86-7e62908a090a</ID>
	<IsFullApplication>true</IsFullApplication>
	<Level>Intermediate</Level>
	<Tags>Data, User Interface</Tags>
	<SupportedPlatforms>Android, iOS, WP7</SupportedPlatforms>
    <LicenseRequirement>Starter</LicenseRequirement>
    <Brief>The sample illustrates proper application architecture layering and uses a common code base for the Business Layer, Data Access Layer, and Data Layer layers. It then separates out the User Interface and Application Layer into the appropriate device-applications.</Brief>
	<Gallery>true</Gallery>
</SampleMetadata>
